spec,type
CH1751Z-F 0/20,Carbon
JSC440W-SD,Carbon
JSC590R-SD,Carbon
JSH270C-PO,Carbon
JSH440W-PO,Carbon
JSH590R-PO,Carbon
SAPH440-PO,Carbon
SPCC-SD,Carbon
SPHC,Carbon
JSH370W-PO,Carbon
JEC270F 0/20,Carbon
SS400,Carbon
SS400-PO,Carbon
SAPH440,Carbon
JSC270C-SD,Carbon
CH1751Z-F 20/20,Carbon
JNC270F 20/20,Carbon
JNC270F 20/S,Carbon
JSH270E-PO,Carbon
SPCE-SD,Carbon
JSC270E-SD,Carbon
SUS410M,SUS410
NSS410M4,SUS410
POS410B,SUS410
SUS304-2B,SUS409L
SUS409L-2D,SUS409L
JNC270E 20/S,Carbon
JSC270D-SD,Carbon
SPCD-SD,Carbon
SPCC-8,Carbon
SPCEN-S,Carbon
SPHT-4-PO,Carbon
JNC270E 0/30,Carbon
JNC270F 0/30,Carbon
SUS304-2D,SUS409L
SPHC-PO,Carbon
SPCC-SB,Carbon
SUS409L-2B,SUS409L
CH1751Z-E 0/20,Carbon
HSS441-2D,SUS409L
PBCSTAM390G,Carbon
SPHT-1-PO,Carbon
SPHT-2 D15M-PO,Carbon
SPHT-2-PO,Carbon
SPHT-3-PO,Carbon
HFS436L,SUS409L
SPFH540-PO,Carbon
SAPH370-PO,Carbon
SPFC590,Carbon
SCM415H-PO,Carbon
